EVENT,SUP_TREATMENT,BASE_VALUE,INF_VALUE,SUP_VALUE
adherent_month_cost,ALL,434241,432752,441861
test_cost,ALL,234170.724,206579.35,418990.0852
test_cost_high_charge,ALL,90899.87836,75630.98014,121615.9564
efficiency,1,0.124046624537191,0.000000000000000,0.489002931884859
efficiency,3,0.327885953939785,0.000000000000000,0.866569465716941
efficiency,6,0.548262709088568,0.000000000000000,0.982196292520937
efficiency,12,0.795933420000000,0.000000000000000,0.999683028000000
efficiency,1000000,0.548262709088568,0.000000000000000,0.982196292520937