EVENT,SUP_TREATMENT,BASE_VALUE,INF_VALUE,SUP_VALUE
adherent_month_cost,ALL,2471198.939,1701950.971,3253912.259
test_cost,ALL,1085490.196,1043740.573,1476299.987
test_cost_high_charge,ALL,90899.87836,75630.98014,121615.9564
efficiency,1,0.403816868,0.358427556,0.4514353
efficiency,3,0.187350983,0.174816039,0.198766
efficiency,6,0.106478166,0.100882244,0.110708217
efficiency,12,0.050456915,0.041661102,0.053102804
efficiency,24,0.023178102,0.021955049,0.024225359
efficiency,36,0.01344427,0.008858445,0.015760555
