EVENT,SUP_TREATMENT,BASE_VALUE,INF_VALUE,SUP_VALUE
adherent_month_cost,ALL,5164900,3228400,7101399
efficiency,0,0.1916741,0.1568993,0.2326343
efficiency,3,0.1726377,0.1621061,0.1825251
efficiency,6,0.105024,0.0995213,0.1094065
efficiency,12,0.0514292,0.0497577,0.0528128
efficiency,24,0.0234518,0.0224931,0.0242668
test_cost,ALL,234170.724,206579.35,418990.0852
test_cost_high_charge,ALL,90899.87836,75630.98014,121615.9564
