EVENT,SUP_TREATMENT,BASE_VALUE,INF_VALUE,SUP_VALUE
adherent_month_cost,ALL,453315,447609,511275
efficiency,12,0.124046625,0,0.489002974
test_cost,ALL,234170.724,206579.35,418990.0852
test_cost_high_charge,ALL,90899.87836,75630.98014,121615.9564
